<?xml version="1.0" encoding="UTF-8"?>
<!-- <!DOCTYPE hibernate-configuration PUBLIC "-//Hibernate/Hibernate Configuration DTD 3.0//EN" "http://hibernate.sourceforge.net/hibernate-configuration-3.0.dtd"> -->
<!DOCTYPE hibernate-configuration PUBLIC "-//Hibernate/Hibernate Configuration DTD 3.0//EN" "http://www.hibernate.org/dtd/hibernate-configuration">
                                                                                             
<hibernate-configuration>
  <session-factory>
    <property name="hibernate.dialect">org.hibernate.dialect.PostgreSQLDialect</property>
    <property name="hibernate.connection.driver_class">org.postgresql.Driver</property>
    <property name="hibernate.connection.url">jdbc:postgresql://localhost:5432/AxiAcademia</property>  
    
    <property name="hibernate.connection.username">postgres</property>
    <property name="hibernate.connection.password">57601</property> 

    <property name="hibernate.show_sql">true</property>
    <property name="hibernate.format_sql">true</property>
    
    <property name="hibernate.hbm2ddl.auto">create</property>
    
    <mapping class="domain.Aluno"></mapping>
    <mapping class="domain.Usuario"></mapping>
    <mapping class="domain.Personal"></mapping>
    <mapping class="domain.Plano"></mapping>
    <mapping class="domain.Exercicio"></mapping>
    <mapping class="domain.Treino"></mapping>
            
       
  </session-factory>
</hibernate-configuration>