INSERT INTO personal (idusuario, cpf, datnascimento, nome, sexo, tipocurso, universidade, valorcobrado) VALUES (99999, '12345678900', '1990-05-10', 'Carlos Silva', 'Masculino', 'Educação Física', 'UFRJ', 20.00);
INSERT INTO personal (idusuario, cpf, datnascimento, nome, sexo, tipocurso, universidade, valorcobrado) VALUES (99998, '98765432100', '1988-08-20', 'Mariana Souza', 'Feminino', 'Educação Física', 'Estácio', 25.00);
INSERT INTO personal (idusuario, cpf, datnascimento, nome, sexo, tipocurso, universidade, valorcobrado) VALUES (99997, '11223344556', '1995-07-12', 'Rafael Costa', 'Masculino', 'Educação Física', 'UERJ', 22.00);
INSERT INTO personal (idusuario, cpf, datnascimento, nome, sexo, tipocurso, universidade, valorcobrado) VALUES (99996, '23456789011', '1992-03-15', 'Juliana Santos', 'Feminino', 'Educação Física', 'UFRJ', 23.00);
INSERT INTO personal (idusuario, cpf, datnascimento, nome, sexo, tipocurso, universidade, valorcobrado) VALUES (99995, '34567890122', '1985-11-25', 'Lucas Oliveira', 'Masculino', 'Fisioterapia', 'USP', 30.00);
INSERT INTO personal (idusuario, cpf, datnascimento, nome, sexo, tipocurso, universidade, valorcobrado) VALUES (99994, '45678901233', '1998-02-18', 'Fernanda Lima', 'Feminino', 'Educação Física', 'UNICAMP', 21.00);
INSERT INTO personal (idusuario, cpf, datnascimento, nome, sexo, tipocurso, universidade, valorcobrado) VALUES (99993, '56789012344', '1991-09-30', 'Gustavo Pereira', 'Masculino', 'Educação Física', 'Estácio', 26.00);
INSERT INTO personal (idusuario, cpf, datnascimento, nome, sexo, tipocurso, universidade, valorcobrado) VALUES (99992, '67890123455', '1989-07-07', 'Camila Ribeiro', 'Feminino', 'Fisioterapia', 'UERJ', 28.00);
INSERT INTO personal (idusuario, cpf, datnascimento, nome, sexo, tipocurso, universidade, valorcobrado) VALUES (99991, '78901234566', '1993-01-20', 'Thiago Almeida', 'Masculino', 'Educação Física', 'UFRJ', 24.00);
INSERT INTO personal (idusuario, cpf, datnascimento, nome, sexo, tipocurso, universidade, valorcobrado) VALUES (99990, '89012345677', '1996-04-12', 'Bruna Martins', 'Feminino', 'Educação Física', 'USP', 22.00);
INSERT INTO personal (idusuario, cpf, datnascimento, nome, sexo, tipocurso, universidade, valorcobrado) VALUES (99989, '90123456788', '1987-12-01', 'Ricardo Gomes', 'Masculino', 'Fisioterapia', 'UNICAMP', 32.00);
INSERT INTO personal (idusuario, cpf, datnascimento, nome, sexo, tipocurso, universidade, valorcobrado) VALUES (99988, '01234567899', '1994-10-05', 'Letícia Ferreira', 'Feminino', 'Educação Física', 'Estácio', 27.00);
INSERT INTO personal (idusuario, cpf, datnascimento, nome, sexo, tipocurso, universidade, valorcobrado) VALUES (99987, '12345678910', '1990-06-28', 'Felipe Azevedo', 'Masculino', 'Educação Física', 'UERJ', 25.00);
INSERT INTO personal (idusuario, cpf, datnascimento, nome, sexo, tipocurso, universidade, valorcobrado) VALUES (99986, '23456789012', '1997-08-14', 'Amanda Barros', 'Feminino', 'Fisioterapia', 'UFRJ', 29.00);
INSERT INTO personal (idusuario, cpf, datnascimento, nome, sexo, tipocurso, universidade, valorcobrado) VALUES (99985, '34567890123', '1986-05-22', 'Daniel Cardoso', 'Masculino', 'Educação Física', 'USP', 31.00);
INSERT INTO personal (idusuario, cpf, datnascimento, nome, sexo, tipocurso, universidade, valorcobrado) VALUES (99984, '45678901234', '1999-03-03', 'Larissa Dias', 'Feminino', 'Educação Física', 'UNICAMP', 20.00);
INSERT INTO personal (idusuario, cpf, datnascimento, nome, sexo, tipocurso, universidade, valorcobrado) VALUES (99983, '56789012345', '1992-11-11', 'Eduardo Rocha', 'Masculino', 'Fisioterapia', 'Estácio', 33.00);
INSERT INTO personal (idusuario, cpf, datnascimento, nome, sexo, tipocurso, universidade, valorcobrado) VALUES (99982, '67890123456', '1988-09-19', 'Patrícia Nogueira', 'Feminino', 'Educação Física', 'UERJ', 26.00);
INSERT INTO personal (idusuario, cpf, datnascimento, nome, sexo, tipocurso, universidade, valorcobrado) VALUES (99981, '78901234567', '1995-07-27', 'Marcelo Pinto', 'Masculino', 'Educação Física', 'UFRJ', 24.00);
INSERT INTO personal (idusuario, cpf, datnascimento, nome, sexo, tipocurso, universidade, valorcobrado) VALUES (99980, '89012345678', '1991-04-09', 'Vanessa Moraes', 'Feminino', 'Fisioterapia', 'USP', 30.00);
INSERT INTO personal (idusuario, cpf, datnascimento, nome, sexo, tipocurso, universidade, valorcobrado) VALUES (99979, '90123456789', '1984-02-17', 'Rodrigo Barbosa', 'Masculino', 'Educação Física', 'UNICAMP', 34.00);
INSERT INTO personal (idusuario, cpf, datnascimento, nome, sexo, tipocurso, universidade, valorcobrado) VALUES (99978, '01234567890', '1996-12-24', 'Aline Jesus', 'Feminino', 'Educação Física', 'Estácio', 23.00);
INSERT INTO personal (idusuario, cpf, datnascimento, nome, sexo, tipocurso, universidade, valorcobrado) VALUES (99977, '12345678901', '1993-10-31', 'Leonardo Castro', 'Masculino', 'Fisioterapia', 'UERJ', 28.00);
INSERT INTO personal (idusuario, cpf, datnascimento, nome, sexo, tipocurso, universidade, valorcobrado) VALUES (99976, '23456789013', '1998-08-08', 'Isabela Freitas', 'Feminino', 'Educação Física', 'UFRJ', 22.00);
INSERT INTO personal (idusuario, cpf, datnascimento, nome, sexo, tipocurso, universidade, valorcobrado) VALUES (99975, '34567890124', '1989-06-16', 'André Cavalcanti', 'Masculino', 'Educação Física', 'USP', 27.00);
INSERT INTO personal (idusuario, cpf, datnascimento, nome, sexo, tipocurso, universidade, valorcobrado) VALUES (99974, '45678901235', '1994-04-26', 'Clara Melo', 'Feminino', 'Fisioterapia', 'UNICAMP', 31.00);
INSERT INTO personal (idusuario, cpf, datnascimento, nome, sexo, tipocurso, universidade, valorcobrado) VALUES (99973, '56789012346', '1990-02-04', 'Bruno Gomes', 'Masculino', 'Educação Física', 'Estácio', 25.00);
INSERT INTO personal (idusuario, cpf, datnascimento, nome, sexo, tipocurso, universidade, valorcobrado) VALUES (99972, '67890123457', '1995-12-13', 'Yasmin Teles', 'Feminino', 'Educação Física', 'UERJ', 21.00);
INSERT INTO personal (idusuario, cpf, datnascimento, nome, sexo, tipocurso, universidade, valorcobrado) VALUES (99971, '78901234568', '1991-10-21', 'Vinícius Ramos', 'Masculino', 'Fisioterapia', 'UFRJ', 29.00);
INSERT INTO personal (idusuario, cpf, datnascimento, nome, sexo, tipocurso, universidade, valorcobrado) VALUES (99970, '89012345679', '1987-08-30', 'Beatriz Viana', 'Feminino', 'Educação Física', 'USP', 26.00);
INSERT INTO personal (idusuario, cpf, datnascimento, nome, sexo, tipocurso, universidade, valorcobrado) VALUES (99969, '90123456780', '1992-06-09', 'Diego Farias', 'Masculino', 'Educação Física', 'UNICAMP', 24.00);
INSERT INTO personal (idusuario, cpf, datnascimento, nome, sexo, tipocurso, universidade, valorcobrado) VALUES (99968, '01234567891', '1997-04-18', 'Laura Peixoto', 'Feminino', 'Fisioterapia', 'Estácio', 33.00);
INSERT INTO personal (idusuario, cpf, datnascimento, nome, sexo, tipocurso, universidade, valorcobrado) VALUES (99967, '12345678902', '1988-01-28', 'Igor Monteiro', 'Masculino', 'Educação Física', 'UERJ', 27.00);
INSERT INTO personal (idusuario, cpf, datnascimento, nome, sexo, tipocurso, universidade, valorcobrado) VALUES (99966, '23456789014', '1993-11-06', 'Manuela Duarte', 'Feminino', 'Educação Física', 'UFRJ', 23.00);
INSERT INTO personal (idusuario, cpf, datnascimento, nome, sexo, tipocurso, universidade, valorcobrado) VALUES (99965, '34567890125', '1989-09-14', 'Cauã Bernardes', 'Masculino', 'Fisioterapia', 'USP', 30.00);
INSERT INTO personal (idusuario, cpf, datnascimento, nome, sexo, tipocurso, universidade, valorcobrado) VALUES (99964, '45678901236', '1994-07-23', 'Sofia Siqueira', 'Feminino', 'Educação Física', 'UNICAMP', 22.00);
INSERT INTO personal (idusuario, cpf, datnascimento, nome, sexo, tipocurso, universidade, valorcobrado) VALUES (99963, '56789012347', '1990-05-02', 'Heitor Pires', 'Masculino', 'Educação Física', 'Estácio', 25.00);
INSERT INTO personal (idusuario, cpf, datnascimento, nome, sexo, tipocurso, universidade, valorcobrado) VALUES (99962, '67890123458', '1996-03-11', 'Helena Aragão', 'Feminino', 'Fisioterapia', 'UERJ', 28.00);
INSERT INTO personal (idusuario, cpf, datnascimento, nome, sexo, tipocurso, universidade, valorcobrado) VALUES (99961, '78901234569', '1991-01-19', 'Isaac Correia', 'Masculino', 'Educação Física', 'UFRJ', 26.00);
INSERT INTO personal (idusuario, cpf, datnascimento, nome, sexo, tipocurso, universidade, valorcobrado) VALUES (99960, '89012345670', '1986-11-29', 'Valentina Neves', 'Feminino', 'Educação Física', 'USP', 31.00);
INSERT INTO personal (idusuario, cpf, datnascimento, nome, sexo, tipocurso, universidade, valorcobrado) VALUES (99959, '90123456781', '1992-09-07', 'Davi Matos', 'Masculino', 'Fisioterapia', 'UNICAMP', 34.00);
INSERT INTO personal (idusuario, cpf, datnascimento, nome, sexo, tipocurso, universidade, valorcobrado) VALUES (99958, '01234567892', '1997-07-16', 'Luísa Mendes', 'Feminino', 'Educação Física', 'Estácio', 21.00);
INSERT INTO personal (idusuario, cpf, datnascimento, nome, sexo, tipocurso, universidade, valorcobrado) VALUES (99957, '12345678903', '1988-04-25', 'Enzo Gabriel', 'Masculino', 'Educação Física', 'UERJ', 24.00);
INSERT INTO personal (idusuario, cpf, datnascimento, nome, sexo, tipocurso, universidade, valorcobrado) VALUES (99956, '23456789015', '1993-02-02', 'Maria Alice', 'Feminino', 'Fisioterapia', 'UFRJ', 29.00);
INSERT INTO personal (idusuario, cpf, datnascimento, nome, sexo, tipocurso, universidade, valorcobrado) VALUES (99955, '34567890126', '1989-12-12', 'Miguel Ângelo', 'Masculino', 'Educação Física', 'USP', 27.00);
INSERT INTO personal (idusuario, cpf, datnascimento, nome, sexo, tipocurso, universidade, valorcobrado) VALUES (99954, '45678901237', '1994-10-20', 'Alice Maria', 'Feminino', 'Educação Física', 'UNICAMP', 23.00);
INSERT INTO personal (idusuario, cpf, datnascimento, nome, sexo, tipocurso, universidade, valorcobrado) VALUES (99953, '56789012348', '1990-08-31', 'Arthur Henrique', 'Masculino', 'Fisioterapia', 'Estácio', 32.00);
INSERT INTO personal (idusuario, cpf, datnascimento, nome, sexo, tipocurso, universidade, valorcobrado) VALUES (99952, '67890123459', '1995-06-08', 'Maria Cecília', 'Feminino', 'Educação Física', 'UERJ', 25.00);
INSERT INTO personal (idusuario, cpf, datnascimento, nome, sexo, tipocurso, universidade, valorcobrado) VALUES (99951, '78901234560', '1991-04-17', 'Bernardo José', 'Masculino', 'Educação Física', 'UFRJ', 28.00);
INSERT INTO personal (idusuario, cpf, datnascimento, nome, sexo, tipocurso, universidade, valorcobrado) VALUES (99950, '89012345671', '1987-02-26', 'Maria Clara', 'Feminino', 'Fisioterapia', 'USP', 35.00);
INSERT INTO personal (idusuario, cpf, datnascimento, nome, sexo, tipocurso, universidade, valorcobrado) VALUES (99949, '90123456782', '1992-12-05', 'Théo Dias', 'Masculino', 'Educação Física', 'UNICAMP', 20.00);
INSERT INTO plano (idplano, frequenciasemanal, plano, turnotreino, valor, taxapersonal) VALUES (1000, 3, 'Mensal', 'Matutino', 150.00, 15.00);
INSERT INTO plano (idplano, frequenciasemanal, plano, turnotreino, valor, taxapersonal) VALUES (2000, 5, 'Semestral', 'Vespertino', 800.00, 12.00);
INSERT INTO plano (idplano, frequenciasemanal, plano, turnotreino, valor, taxapersonal) VALUES (1001, 2, 'Mensal', 'Noturno', 120.00, 18.00);
INSERT INTO plano (idplano, frequenciasemanal, plano, turnotreino, valor, taxapersonal) VALUES (1002, 4, 'Trimestral', 'Matutino', 400.00, 14.00);
INSERT INTO plano (idplano, frequenciasemanal, plano, turnotreino, valor, taxapersonal) VALUES (1003, 5, 'Anual', 'Vespertino', 1500.00, 10.00);
INSERT INTO plano (idplano, frequenciasemanal, plano, turnotreino, valor, taxapersonal) VALUES (1004, 3, 'Semestral', 'Noturno', 750.00, 13.00);
INSERT INTO plano (idplano, frequenciasemanal, plano, turnotreino, valor, taxapersonal) VALUES (1005, 2, 'Anual', 'Matutino', 1300.00, 11.00);
INSERT INTO plano (idplano, frequenciasemanal, plano, turnotreino, valor, taxapersonal) VALUES (1006, 5, 'Mensal', 'Vespertino', 180.00, 16.00);
INSERT INTO plano (idplano, frequenciasemanal, plano, turnotreino, valor, taxapersonal) VALUES (1007, 3, 'Trimestral', 'Noturno', 420.00, 15.00);
INSERT INTO plano (idplano, frequenciasemanal, plano, turnotreino, valor, taxapersonal) VALUES (1008, 4, 'Semestral', 'Matutino', 820.00, 12.00);
INSERT INTO plano (idplano, frequenciasemanal, plano, turnotreino, valor, taxapersonal) VALUES (1009, 2, 'Mensal', 'Vespertino', 130.00, 17.00);
INSERT INTO plano (idplano, frequenciasemanal, plano, turnotreino, valor, taxapersonal) VALUES (1010, 5, 'Trimestral', 'Noturno', 450.00, 14.00);
INSERT INTO plano (idplano, frequenciasemanal, plano, turnotreino, valor, taxapersonal) VALUES (1011, 3, 'Anual', 'Matutino', 1400.00, 10.00);
INSERT INTO plano (idplano, frequenciasemanal, plano, turnotreino, valor, taxapersonal) VALUES (1012, 4, 'Mensal', 'Vespertino', 160.00, 15.00);
INSERT INTO plano (idplano, frequenciasemanal, plano, turnotreino, valor, taxapersonal) VALUES (1013, 2, 'Semestral', 'Noturno', 700.00, 14.00);
INSERT INTO plano (idplano, frequenciasemanal, plano, turnotreino, valor, taxapersonal) VALUES (1014, 5, 'Anual', 'Matutino', 1600.00, 9.00);
INSERT INTO plano (idplano, frequenciasemanal, plano, turnotreino, valor, taxapersonal) VALUES (1015, 3, 'Mensal', 'Vespertino', 140.00, 16.00);
INSERT INTO plano (idplano, frequenciasemanal, plano, turnotreino, valor, taxapersonal) VALUES (1016, 4, 'Trimestral', 'Noturno', 430.00, 13.00);
INSERT INTO plano (idplano, frequenciasemanal, plano, turnotreino, valor, taxapersonal) VALUES (1017, 2, 'Anual', 'Matutino', 1250.00, 12.00);
INSERT INTO plano (idplano, frequenciasemanal, plano, turnotreino, valor, taxapersonal) VALUES (1018, 5, 'Semestral', 'Vespertino', 850.00, 11.00);
INSERT INTO plano (idplano, frequenciasemanal, plano, turnotreino, valor, taxapersonal) VALUES (1019, 3, 'Trimestral', 'Matutino', 410.00, 14.00);
INSERT INTO plano (idplano, frequenciasemanal, plano, turnotreino, valor, taxapersonal) VALUES (1020, 4, 'Anual', 'Noturno', 1450.00, 10.00);
INSERT INTO plano (idplano, frequenciasemanal, plano, turnotreino, valor, taxapersonal) VALUES (1021, 2, 'Mensal', 'Matutino', 125.00, 18.00);
INSERT INTO plano (idplano, frequenciasemanal, plano, turnotreino, valor, taxapersonal) VALUES (1022, 5, 'Semestral', 'Vespertino', 830.00, 12.00);
INSERT INTO plano (idplano, frequenciasemanal, plano, turnotreino, valor, taxapersonal) VALUES (1023, 3, 'Anual', 'Noturno', 1350.00, 11.00);
INSERT INTO plano (idplano, frequenciasemanal, plano, turnotreino, valor, taxapersonal) VALUES (1024, 4, 'Trimestral', 'Matutino', 440.00, 15.00);
INSERT INTO plano (idplano, frequenciasemanal, plano, turnotreino, valor, taxapersonal) VALUES (1025, 2, 'Semestral', 'Vespertino', 720.00, 13.00);
INSERT INTO plano (idplano, frequenciasemanal, plano, turnotreino, valor, taxapersonal) VALUES (1026, 5, 'Mensal', 'Noturno', 170.00, 17.00);
INSERT INTO plano (idplano, frequenciasemanal, plano, turnotreino, valor, taxapersonal) VALUES (1027, 3, 'Semestral', 'Matutino', 780.00, 12.00);
INSERT INTO plano (idplano, frequenciasemanal, plano, turnotreino, valor, taxapersonal) VALUES (1028, 4, 'Anual', 'Vespertino', 1550.00, 10.00);
INSERT INTO plano (idplano, frequenciasemanal, plano, turnotreino, valor, taxapersonal) VALUES (1029, 2, 'Trimestral', 'Noturno', 390.00, 16.00);
INSERT INTO plano (idplano, frequenciasemanal, plano, turnotreino, valor, taxapersonal) VALUES (1030, 5, 'Mensal', 'Matutino', 190.00, 19.00);
INSERT INTO plano (idplano, frequenciasemanal, plano, turnotreino, valor, taxapersonal) VALUES (1031, 3, 'Anual', 'Vespertino', 1480.00, 9.00);
INSERT INTO plano (idplano, frequenciasemanal, plano, turnotreino, valor, taxapersonal) VALUES (1032, 4, 'Semestral', 'Noturno', 810.00, 11.00);
INSERT INTO plano (idplano, frequenciasemanal, plano, turnotreino, valor, taxapersonal) VALUES (1033, 2, 'Mensal', 'Matutino', 110.00, 20.00);
INSERT INTO plano (idplano, frequenciasemanal, plano, turnotreino, valor, taxapersonal) VALUES (1034, 5, 'Trimestral', 'Vespertino', 460.00, 13.00);
INSERT INTO plano (idplano, frequenciasemanal, plano, turnotreino, valor, taxapersonal) VALUES (1035, 3, 'Semestral', 'Noturno', 760.00, 14.00);
INSERT INTO plano (idplano, frequenciasemanal, plano, turnotreino, valor, taxapersonal) VALUES (1036, 4, 'Mensal', 'Matutino', 165.00, 15.00);
INSERT INTO plano (idplano, frequenciasemanal, plano, turnotreino, valor, taxapersonal) VALUES (1037, 2, 'Anual', 'Vespertino', 1320.00, 11.00);
INSERT INTO plano (idplano, frequenciasemanal, plano, turnotreino, valor, taxapersonal) VALUES (1038, 5, 'Trimestral', 'Noturno', 470.00, 12.00);
INSERT INTO plano (idplano, frequenciasemanal, plano, turnotreino, valor, taxapersonal) VALUES (1039, 3, 'Mensal', 'Matutino', 145.00, 17.00);
INSERT INTO plano (idplano, frequenciasemanal, plano, turnotreino, valor, taxapersonal) VALUES (1040, 4, 'Anual', 'Vespertino', 1520.00, 10.00);
INSERT INTO plano (idplano, frequenciasemanal, plano, turnotreino, valor, taxapersonal) VALUES (1041, 2, 'Semestral', 'Noturno', 710.00, 15.00);
INSERT INTO plano (idplano, frequenciasemanal, plano, turnotreino, valor, taxapersonal) VALUES (1042, 5, 'Mensal', 'Matutino', 185.00, 16.00);
INSERT INTO plano (idplano, frequenciasemanal, plano, turnotreino, valor, taxapersonal) VALUES (1043, 3, 'Trimestral', 'Vespertino', 425.00, 14.00);
INSERT INTO plano (idplano, frequenciasemanal, plano, turnotreino, valor, taxapersonal) VALUES (1044, 4, 'Semestral', 'Noturno', 840.00, 12.00);
INSERT INTO plano (idplano, frequenciasemanal, plano, turnotreino, valor, taxapersonal) VALUES (1045, 2, 'Anual', 'Matutino', 1280.00, 13.00);
INSERT INTO plano (idplano, frequenciasemanal, plano, turnotreino, valor, taxapersonal) VALUES (1046, 5, 'Trimestral', 'Vespertino', 480.00, 11.00);
INSERT INTO plano (idplano, frequenciasemanal, plano, turnotreino, valor, taxapersonal) VALUES (1047, 3, 'Anual', 'Noturno', 1380.00, 10.00);
INSERT INTO plano (idplano, frequenciasemanal, plano, turnotreino, valor, taxapersonal) VALUES (1048, 4, 'Mensal', 'Matutino', 155.00, 18.00);
INSERT INTO plano (idplano, frequenciasemanal, plano, turnotreino, valor, taxapersonal) VALUES (1049, 2, 'Semestral', 'Vespertino', 730.00, 14.00);
INSERT INTO plano (idplano, frequenciasemanal, plano, turnotreino, valor, taxapersonal) VALUES (1050, 5, 'Anual', 'Noturno', 1580.00, 9.00);
INSERT INTO aluno (idusuario, cpf, datnascimento, nome, sexo, altura, peso, id_personal, idplano) VALUES (1000, '11122233344', '2000-01-01', 'João Pedro', 'Masculino', 180, 75.0, 99999, 1000);
INSERT INTO aluno (idusuario, cpf, datnascimento, nome, sexo, altura, peso, id_personal, idplano) VALUES (1100, '55566677788', '1998-03-15', 'Ana Paula', 'Feminino', 165, 60.0, 99998, 2000);
INSERT INTO aluno (idusuario, cpf, datnascimento, nome, sexo, altura, peso, id_personal, idplano) VALUES (1200, '22233344455', '1999-05-20', 'Beatriz Oliveira', 'Feminino', 170, 65.0, 99995, 1002);
INSERT INTO aluno (idusuario, cpf, datnascimento, nome, sexo, altura, peso, id_personal, idplano) VALUES (1300, '33344455566', '2001-08-10', 'Lucas Martins', 'Masculino', 175, 80.0, 99993, 1004);
INSERT INTO aluno (idusuario, cpf, datnascimento, nome, sexo, altura, peso, id_personal, idplano) VALUES (1400, '44455566677', '1997-02-25', 'Juliana Lima', 'Feminino', 160, 55.0, 99996, 1001);
INSERT INTO aluno (idusuario, cpf, datnascimento, nome, sexo, altura, peso, id_personal, idplano) VALUES (1500, '55566677789', '2002-11-30', 'Gabriel Pereira', 'Masculino', 185, 88.0, 99991, 1006);
INSERT INTO aluno (idusuario, cpf, datnascimento, nome, sexo, altura, peso, id_personal, idplano) VALUES (1600, '66677788899', '1996-07-12', 'Isabela Ribeiro', 'Feminino', 168, 62.0, 99992, 1007);
INSERT INTO aluno (idusuario, cpf, datnascimento, nome, sexo, altura, peso, id_personal, idplano) VALUES (1700, '77788899900', '2000-04-18', 'Matheus Almeida', 'Masculino', 178, 72.0, 99990, 1009);
INSERT INTO aluno (idusuario, cpf, datnascimento, nome, sexo, altura, peso, id_personal, idplano) VALUES (1800, '88899900011', '1995-01-05', 'Laura Martins', 'Feminino', 172, 68.0, 99988, 1010);
INSERT INTO aluno (idusuario, cpf, datnascimento, nome, sexo, altura, peso, id_personal, idplano) VALUES (1900, '99900011122', '2003-09-01', 'Pedro Gomes', 'Masculino', 182, 85.0, 99989, 1008);
INSERT INTO aluno (idusuario, cpf, datnascimento, nome, sexo, altura, peso, id_personal, idplano) VALUES (2000, '00011122233', '1994-06-28', 'Manuela Ferreira', 'Feminino', 163, 58.0, 99987, 1011);
INSERT INTO aluno (idusuario, cpf, datnascimento, nome, sexo, altura, peso, id_personal, idplano) VALUES (2100, '11122233345', '1998-10-15', 'Enzo Azevedo', 'Masculino', 179, 77.0, 99985, 1013);
INSERT INTO aluno (idusuario, cpf, datnascimento, nome, sexo, altura, peso, id_personal, idplano) VALUES (2200, '22233344456', '1999-12-03', 'Valentina Barros', 'Feminino', 167, 61.0, 99986, 1012);
INSERT INTO aluno (idusuario, cpf, datnascimento, nome, sexo, altura, peso, id_personal, idplano) VALUES (2300, '33344455567', '2001-03-22', 'Benício Cardoso', 'Masculino', 176, 79.0, 99983, 1015);
INSERT INTO aluno (idusuario, cpf, datnascimento, nome, sexo, altura, peso, id_personal, idplano) VALUES (2400, '44455566678', '1997-09-09', 'Heloísa Dias', 'Feminino', 162, 57.0, 99984, 1014);
INSERT INTO aluno (idusuario, cpf, datnascimento, nome, sexo, altura, peso, id_personal, idplano) VALUES (2500, '55566677780', '2002-05-14', 'Davi Rocha', 'Masculino', 188, 92.0, 99981, 1018);
INSERT INTO aluno (idusuario, cpf, datnascimento, nome, sexo, altura, peso, id_personal, idplano) VALUES (2600, '66677788890', '1996-11-19', 'Maria Luiza Nogueira', 'Feminino', 169, 63.0, 99982, 1016);
INSERT INTO aluno (idusuario, cpf, datnascimento, nome, sexo, altura, peso, id_personal, idplano) VALUES (2700, '77788899901', '2000-08-27', 'Nicolas Pinto', 'Masculino', 174, 74.0, 99979, 1020);
INSERT INTO aluno (idusuario, cpf, datnascimento, nome, sexo, altura, peso, id_personal, idplano) VALUES (2800, '88899900012', '1995-04-04', 'Cecília Moraes', 'Feminino', 171, 66.0, 99980, 1017);
INSERT INTO aluno (idusuario, cpf, datnascimento, nome, sexo, altura, peso, id_personal, idplano) VALUES (2900, '99900011123', '2003-02-13', 'João Miguel Barbosa', 'Masculino', 183, 86.0, 99977, 1021);
INSERT INTO aluno (idusuario, cpf, datnascimento, nome, sexo, altura, peso, id_personal, idplano) VALUES (3000, '00011122234', '1994-12-24', 'Liz Jesus', 'Feminino', 164, 59.0, 99978, 1019);
INSERT INTO aluno (idusuario, cpf, datnascimento, nome, sexo, altura, peso, id_personal, idplano) VALUES (3100, '11122233346', '1998-08-08', 'Gael Castro', 'Masculino', 181, 83.0, 99975, 1024);
INSERT INTO aluno (idusuario, cpf, datnascimento, nome, sexo, altura, peso, id_personal, idplano) VALUES (3200, '22233344457', '2000-06-16', 'Antonella Freitas', 'Feminino', 166, 60.0, 99976, 1022);
INSERT INTO aluno (idusuario, cpf, datnascimento, nome, sexo, altura, peso, id_personal, idplano) VALUES (3300, '33344455568', '2002-04-26', 'Bryan Cavalcanti', 'Masculino', 177, 81.0, 99973, 1026);
INSERT INTO aluno (idusuario, cpf, datnascimento, nome, sexo, altura, peso, id_personal, idplano) VALUES (3400, '44455566679', '1997-02-04', 'Emanuelly Melo', 'Feminino', 161, 56.0, 99974, 1023);
INSERT INTO aluno (idusuario, cpf, datnascimento, nome, sexo, altura, peso, id_personal, idplano) VALUES (3500, '55566677781', '2001-12-13', 'Samuel Gomes', 'Masculino', 190, 95.0, 99971, 1028);
INSERT INTO aluno (idusuario, cpf, datnascimento, nome, sexo, altura, peso, id_personal, idplano) VALUES (3600, '66677788891', '1996-10-21', 'Melissa Teles', 'Feminino', 173, 67.0, 99972, 1025);
INSERT INTO aluno (idusuario, cpf, datnascimento, nome, sexo, altura, peso, id_personal, idplano) VALUES (3700, '77788899902', '1999-08-30', 'Benjamin Ramos', 'Masculino', 173, 75.0, 99969, 1030);
INSERT INTO aluno (idusuario, cpf, datnascimento, nome, sexo, altura, peso, id_personal, idplano) VALUES (3800, '88899900013', '1995-06-09', 'Clarice Viana', 'Feminino', 165, 64.0, 99970, 1027);
INSERT INTO aluno (idusuario, cpf, datnascimento, nome, sexo, altura, peso, id_personal, idplano) VALUES (3900, '99900011124', '2003-04-18', 'Lorenzo Farias', 'Masculino', 184, 87.0, 99967, 1032);
INSERT INTO aluno (idusuario, cpf, datnascimento, nome, sexo, altura, peso, id_personal, idplano) VALUES (4000, '00011122235', '1994-01-28', 'Esther Peixoto', 'Feminino', 160, 54.0, 99968, 1029);
INSERT INTO aluno (idusuario, cpf, datnascimento, nome, sexo, altura, peso, id_personal, idplano) VALUES (4100, '11122233347', '1998-11-06', 'Theo Monteiro', 'Masculino', 180, 82.0, 99965, 1034);
INSERT INTO aluno (idusuario, cpf, datnascimento, nome, sexo, altura, peso, id_personal, idplano) VALUES (4200, '22233344458', '2000-09-14', 'Rebeca Duarte', 'Feminino', 168, 62.0, 99966, 1031);
INSERT INTO aluno (idusuario, cpf, datnascimento, nome, sexo, altura, peso, id_personal, idplano) VALUES (4300, '33344455569', '2002-07-23', 'Anthony Bernardes', 'Masculino', 178, 84.0, 99963, 1036);
INSERT INTO aluno (idusuario, cpf, datnascimento, nome, sexo, altura, peso, id_personal, idplano) VALUES (4400, '44455566670', '1997-05-02', 'Sarah Siqueira', 'Feminino', 163, 58.0, 99964, 1033);
INSERT INTO aluno (idusuario, cpf, datnascimento, nome, sexo, altura, peso, id_personal, idplano) VALUES (4500, '55566677782', '2001-03-11', 'Noah Pires', 'Masculino', 189, 93.0, 99961, 1038);
INSERT INTO aluno (idusuario, cpf, datnascimento, nome, sexo, altura, peso, id_personal, idplano) VALUES (4600, '66677788892', '1996-01-19', 'Isadora Aragão', 'Feminino', 170, 65.0, 99962, 1035);
INSERT INTO aluno (idusuario, cpf, datnascimento, nome, sexo, altura, peso, id_personal, idplano) VALUES (4700, '77788899903', '1999-11-29', 'Lucca Correia', 'Masculino', 175, 76.0, 99959, 1040);
INSERT INTO aluno (idusuario, cpf, datnascimento, nome, sexo, altura, peso, id_personal, idplano) VALUES (4800, '88899900014', '1995-09-07', 'Maitê Neves', 'Feminino', 167, 61.0, 99960, 1037);
INSERT INTO aluno (idusuario, cpf, datnascimento, nome, sexo, altura, peso, id_personal, idplano) VALUES (4900, '99900011125', '2003-07-16', 'Bento Matos', 'Masculino', 186, 90.0, 99957, 1042);
INSERT INTO aluno (idusuario, cpf, datnascimento, nome, sexo, altura, peso, id_personal, idplano) VALUES (5000, '00011122236', '1994-04-25', 'Helena Mendes', 'Feminino', 161, 55.0, 99958, 1039);
INSERT INTO aluno (idusuario, cpf, datnascimento, nome, sexo, altura, peso, id_personal, idplano) VALUES (5100, '11122233348', '1998-02-02', 'Ravi Gabriel', 'Masculino', 182, 85.0, 99955, 1044);
INSERT INTO aluno (idusuario, cpf, datnascimento, nome, sexo, altura, peso, id_personal, idplano) VALUES (5200, '22233344459', '2000-12-12', 'Eloá Maria Alice', 'Feminino', 169, 63.0, 99956, 1041);
INSERT INTO aluno (idusuario, cpf, datnascimento, nome, sexo, altura, peso, id_personal, idplano) VALUES (5300, '33344455560', '2002-10-20', 'Levi Ângelo', 'Masculino', 179, 82.0, 99953, 1046);
INSERT INTO aluno (idusuario, cpf, datnascimento, nome, sexo, altura, peso, id_personal, idplano) VALUES (5400, '44455566671', '1997-08-31', 'Maya Maria', 'Feminino', 164, 59.0, 99954, 1043);
INSERT INTO aluno (idusuario, cpf, datnascimento, nome, sexo, altura, peso, id_personal, idplano) VALUES (5500, '55566677783', '2001-06-08', 'José Henrique', 'Masculino', 187, 91.0, 99951, 1048);
INSERT INTO aluno (idusuario, cpf, datnascimento, nome, sexo, altura, peso, id_personal, idplano) VALUES (5600, '66677788893', '1996-04-17', 'Aurora Cecília', 'Feminino', 172, 66.0, 99952, 1045);
INSERT INTO aluno (idusuario, cpf, datnascimento, nome, sexo, altura, peso, id_personal, idplano) VALUES (5700, '77788899904', '1999-02-26', 'Agatha José', 'Masculino', 176, 78.0, 99949, 1050);
INSERT INTO aluno (idusuario, cpf, datnascimento, nome, sexo, altura, peso, id_personal, idplano) VALUES (5800, '88899900015', '1995-12-05', 'Catarina Clara', 'Feminino', 166, 60.0, 99950, 1047);
INSERT INTO aluno (idusuario, cpf, datnascimento, nome, sexo, altura, peso, id_personal, idplano) VALUES (5900, '99900011126', '2003-10-14', 'Otávio Dias', 'Masculino', 183, 86.0, 99999, 1003);
INSERT INTO aluno (idusuario, cpf, datnascimento, nome, sexo, altura, peso, id_personal, idplano) VALUES (6000, '00011122237', '1994-08-23', 'Lívia Souza', 'Feminino', 165, 59.0, 99998, 1005);
INSERT INTO exercicio (idexercicio, grupomuscular, nome, qtdrepeticoes, qtdseries) VALUES (10000, 'Peito', 'Supino Reto', 12, 3);
INSERT INTO exercicio (idexercicio, grupomuscular, nome, qtdrepeticoes, qtdseries) VALUES (20000, 'Costas', 'Puxada Frontal', 10, 4);
INSERT INTO exercicio (idexercicio, grupomuscular, nome, qtdrepeticoes, qtdseries) VALUES (30000, 'Pernas', 'Agachamento Livre', 15, 3);
INSERT INTO exercicio (idexercicio, grupomuscular, nome, qtdrepeticoes, qtdseries) VALUES (40000, 'Ombros', 'Desenvolvimento com Halteres', 12, 3);
INSERT INTO exercicio (idexercicio, grupomuscular, nome, qtdrepeticoes, qtdseries) VALUES (50000, 'Bíceps', 'Rosca Direta', 10, 3);
INSERT INTO exercicio (idexercicio, grupomuscular, nome, qtdrepeticoes, qtdseries) VALUES (10001, 'Tríceps', 'Tríceps Pulley', 12, 3);
INSERT INTO exercicio (idexercicio, grupomuscular, nome, qtdrepeticoes, qtdseries) VALUES (10002, 'Abdômen', 'Prancha', 60, 3);
INSERT INTO exercicio (idexercicio, grupomuscular, nome, qtdrepeticoes, qtdseries) VALUES (10003, 'Posterior de Coxa', 'Cadeira Flexora', 15, 4);
INSERT INTO exercicio (idexercicio, grupomuscular, nome, qtdrepeticoes, qtdseries) VALUES (10004, 'Peito', 'Crucifixo com Halteres', 12, 3);
INSERT INTO exercicio (idexercicio, grupomuscular, nome, qtdrepeticoes, qtdseries) VALUES (10005, 'Costas', 'Remada Curvada', 10, 4);
INSERT INTO exercicio (idexercicio, grupomuscular, nome, qtdrepeticoes, qtdseries) VALUES (10006, 'Pernas', 'Leg Press 45', 15, 3);
INSERT INTO exercicio (idexercicio, grupomuscular, nome, qtdrepeticoes, qtdseries) VALUES (10007, 'Ombros', 'Elevação Lateral', 15, 3);
INSERT INTO exercicio (idexercicio, grupomuscular, nome, qtdrepeticoes, qtdseries) VALUES (10008, 'Bíceps', 'Rosca Martelo', 12, 3);
INSERT INTO exercicio (idexercicio, grupomuscular, nome, qtdrepeticoes, qtdseries) VALUES (10009, 'Tríceps', 'Mergulho no Banco', 15, 3);
INSERT INTO exercicio (idexercicio, grupomuscular, nome, qtdrepeticoes, qtdseries) VALUES (10010, 'Panturrilha', 'Gêmeos em Pé', 20, 4);
INSERT INTO exercicio (idexercicio, grupomuscular, nome, qtdrepeticoes, qtdseries) VALUES (10011, 'Peito', 'Supino Inclinado', 10, 4);
INSERT INTO exercicio (idexercicio, grupomuscular, nome, qtdrepeticoes, qtdseries) VALUES (10012, 'Costas', 'Remada Unilateral', 12, 3);
INSERT INTO exercicio (idexercicio, grupomuscular, nome, qtdrepeticoes, qtdseries) VALUES (10013, 'Quadríceps', 'Cadeira Extensora', 15, 4);
INSERT INTO exercicio (idexercicio, grupomuscular, nome, qtdrepeticoes, qtdseries) VALUES (10014, 'Ombros', 'Elevação Frontal', 12, 3);
INSERT INTO exercicio (idexercicio, grupomuscular, nome, qtdrepeticoes, qtdseries) VALUES (10015, 'Bíceps', 'Rosca Scott', 10, 3);
INSERT INTO exercicio (idexercicio, grupomuscular, nome, qtdrepeticoes, qtdseries) VALUES (10016, 'Tríceps', 'Tríceps Testa', 12, 3);
INSERT INTO exercicio (idexercicio, grupomuscular, nome, qtdrepeticoes, qtdseries) VALUES (10017, 'Abdômen', 'Abdominal Infra', 20, 3);
INSERT INTO exercicio (idexercicio, grupomuscular, nome, qtdrepeticoes, qtdseries) VALUES (10018, 'Glúteos', 'Elevação Pélvica', 15, 4);
INSERT INTO exercicio (idexercicio, grupomuscular, nome, qtdrepeticoes, qtdseries) VALUES (10019, 'Peito', 'Flexão de Braço', 15, 3);
INSERT INTO exercicio (idexercicio, grupomuscular, nome, qtdrepeticoes, qtdseries) VALUES (10020, 'Costas', 'Barra Fixa', 8, 4);
INSERT INTO exercicio (idexercicio, grupomuscular, nome, qtdrepeticoes, qtdseries) VALUES (10021, 'Pernas', 'Afundo', 12, 3);
INSERT INTO exercicio (idexercicio, grupomuscular, nome, qtdrepeticoes, qtdseries) VALUES (10022, 'Ombros', 'Crucifixo Invertido', 15, 3);
INSERT INTO exercicio (idexercicio, grupomuscular, nome, qtdrepeticoes, qtdseries) VALUES (10023, 'Bíceps', 'Rosca Concentrada', 12, 3);
INSERT INTO exercicio (idexercicio, grupomuscular, nome, qtdrepeticoes, qtdseries) VALUES (10024, 'Tríceps', 'Tríceps Coice', 15, 3);
INSERT INTO exercicio (idexercicio, grupomuscular, nome, qtdrepeticoes, qtdseries) VALUES (10025, 'Panturrilha', 'Gêmeos Sentado', 20, 4);
INSERT INTO exercicio (idexercicio, grupomuscular, nome, qtdrepeticoes, qtdseries) VALUES (10026, 'Peito', 'Supino Declinado', 10, 4);
INSERT INTO exercicio (idexercicio, grupomuscular, nome, qtdrepeticoes, qtdseries) VALUES (10027, 'Costas', 'Puxada Alta', 12, 3);
INSERT INTO exercicio (idexercicio, grupomuscular, nome, qtdrepeticoes, qtdseries) VALUES (10028, 'Posterior de Coxa', 'Stiff', 12, 4);
INSERT INTO exercicio (idexercicio, grupomuscular, nome, qtdrepeticoes, qtdseries) VALUES (10029, 'Ombros', 'Remada Alta', 12, 3);
INSERT INTO exercicio (idexercicio, grupomuscular, nome, qtdrepeticoes, qtdseries) VALUES (10030, 'Bíceps', 'Rosca na Polia', 15, 3);
INSERT INTO exercicio (idexercicio, grupomuscular, nome, qtdrepeticoes, qtdseries) VALUES (10031, 'Tríceps', 'Paralelas', 10, 3);
INSERT INTO exercicio (idexercicio, grupomuscular, nome, qtdrepeticoes, qtdseries) VALUES (10032, 'Abdômen', 'Abdominal Oblíquo', 20, 3);
INSERT INTO exercicio (idexercicio, grupomuscular, nome, qtdrepeticoes, qtdseries) VALUES (10033, 'Glúteos', 'Agachamento Sumô', 15, 3);
INSERT INTO exercicio (idexercicio, grupomuscular, nome, qtdrepeticoes, qtdseries) VALUES (10034, 'Peito', 'Voador Peitoral', 15, 3);
INSERT INTO exercicio (idexercicio, grupomuscular, nome, qtdrepeticoes, qtdseries) VALUES (10035, 'Costas', 'Encolhimento de Ombros', 15, 4);
INSERT INTO exercicio (idexercicio, grupomuscular, nome, qtdrepeticoes, qtdseries) VALUES (10036, 'Pernas', 'Hack Machine', 12, 4);
INSERT INTO exercicio (idexercicio, grupomuscular, nome, qtdrepeticoes, qtdseries) VALUES (10037, 'Ombros', 'Desenvolvimento Arnold', 10, 3);
INSERT INTO exercicio (idexercicio, grupomuscular, nome, qtdrepeticoes, qtdseries) VALUES (10038, 'Bíceps', 'Rosca 21', 21, 3);
INSERT INTO exercicio (idexercicio, grupomuscular, nome, qtdrepeticoes, qtdseries) VALUES (10039, 'Tríceps', 'Extensão de Tríceps na Polia Alta', 12, 4);
INSERT INTO exercicio (idexercicio, grupomuscular, nome, qtdrepeticoes, qtdseries) VALUES (10040, 'Panturrilha', 'Panturrilha no Leg Press', 25, 4);
INSERT INTO exercicio (idexercicio, grupomuscular, nome, qtdrepeticoes, qtdseries) VALUES (10041, 'Peito', 'Cross Over', 12, 3);
INSERT INTO exercicio (idexercicio, grupomuscular, nome, qtdrepeticoes, qtdseries) VALUES (10042, 'Costas', 'Pulldown', 15, 3);
INSERT INTO exercicio (idexercicio, grupomuscular, nome, qtdrepeticoes, qtdseries) VALUES (10043, 'Quadríceps', 'Agachamento Búlgaro', 12, 3);
INSERT INTO exercicio (idexercicio, grupomuscular, nome, qtdrepeticoes, qtdseries) VALUES (10044, 'Ombros', 'Manguito Rotador Externo', 20, 2);
INSERT INTO exercicio (idexercicio, grupomuscular, nome, qtdrepeticoes, qtdseries) VALUES (10045, 'Bíceps', 'Rosca Inversa', 12, 3);
INSERT INTO exercicio (idexercicio, grupomuscular, nome, qtdrepeticoes, qtdseries) VALUES (10046, 'Tríceps', 'Supino Fechado', 10, 4);
INSERT INTO exercicio (idexercicio, grupomuscular, nome, qtdrepeticoes, qtdseries) VALUES (10047, 'Abdômen', 'Elevação de Pernas', 15, 3);
INSERT INTO exercicio (idexercicio, grupomuscular, nome, qtdrepeticoes, qtdseries) VALUES (10048, 'Glúteos', 'Cadeira Abdutora', 20, 4);
INSERT INTO exercicio (idexercicio, grupomuscular, nome, qtdrepeticoes, qtdseries) VALUES (10049, 'Peito', 'Pullover com Halter', 12, 3);
INSERT INTO exercicio (idexercicio, grupomuscular, nome, qtdrepeticoes, qtdseries) VALUES (10050, 'Costas', 'Serrote', 12, 3);