INSERT INTO plano (idplano, frequenciasemanal, plano, turnotreino, valor, taxapersonal) VALUES (1, 3, 'Mensal', 'Matutino', 150.00, 15.00);
INSERT INTO plano (idplano, frequenciasemanal, plano, turnotreino, valor, taxapersonal) VALUES (2, 5, 'Semestral', 'Vespertino', 800.00, 12.00);
INSERT INTO plano (idplano, frequenciasemanal, plano, turnotreino, valor, taxapersonal) VALUES (3, 2, 'Semanal', 'Noturno', 70.00, 10.00);
INSERT INTO personal (idusuario, cpf, datnascimento, nome, sexo, tipocurso, universidade, valorcobrado) VALUES (1, '12345678900', '1990-05-10', 'Carlos Silva', 'Masculino', 'Educação Física', 'UFRJ', 20.00);
INSERT INTO personal (idusuario, cpf, datnascimento, nome, sexo, tipocurso, universidade, valorcobrado) VALUES (2, '98765432100', '1988-08-20', 'Mariana Souza', 'Feminino', 'Educação Física', 'Estácio', 25.00);
INSERT INTO personal (idusuario, cpf, datnascimento, nome, sexo, tipocurso, universidade, valorcobrado) VALUES (3, '11223344556', '1995-07-12', 'Rafael Costa', 'Masculino', 'Educação Física', 'UERJ', 22.00);
INSERT INTO aluno (idusuario, cpf, datnascimento, nome, sexo, altura, peso, id_personal, idplano) VALUES (10, '11122233344', '2000-01-01', 'João Pedro', 'Masculino', 1.80, 75.0, 1, 1);
INSERT INTO aluno (idusuario, cpf, datnascimento, nome, sexo, altura, peso, id_personal, idplano) VALUES (11, '55566677788', '1998-03-15', 'Ana Paula', 'Feminino', 1.65, 60.0, 2, 2);
INSERT INTO aluno (idusuario, cpf, datnascimento, nome, sexo, altura, peso, id_personal, idplano) VALUES (12, '99988877766', '1995-09-10', 'Lucas Lima', 'Masculino', 1.75, 68.0, 3, 3);
INSERT INTO exercicio (idexercicio, grupomuscular, nome, qtdrepeticoes, qtdseries) VALUES (1, 'Peito', 'Supino Reto', 12, 3);
INSERT INTO exercicio (idexercicio, grupomuscular, nome, qtdrepeticoes, qtdseries) VALUES (2, 'Costas', 'Puxada Frontal', 10, 4);
INSERT INTO exercicio (idexercicio, grupomuscular, nome, qtdrepeticoes, qtdseries) VALUES (3, 'Pernas', 'Agachamento Livre', 15, 3);
INSERT INTO exercicio (idexercicio, grupomuscular, nome, qtdrepeticoes, qtdseries) VALUES (4, 'Ombros', 'Desenvolvimento com Halteres', 12, 3);
INSERT INTO exercicio (idexercicio, grupomuscular, nome, qtdrepeticoes, qtdseries) VALUES (5, 'Bíceps', 'Rosca Direta', 10, 3);
INSERT INTO treino (idtreino, diasemana, id_aluno) VALUES (1, 'Segunda-feira', 10);
INSERT INTO treino (idtreino, diasemana, id_aluno) VALUES (2, 'Terça-feira', 11);
INSERT INTO treino (idtreino, diasemana, id_aluno) VALUES (3, 'Quarta-feira', 12);
INSERT INTO treino_exercicio (idtreino, idexercicio) VALUES (1, 1);
INSERT INTO treino_exercicio (idtreino, idexercicio) VALUES (1, 2);
INSERT INTO treino_exercicio (idtreino, idexercicio) VALUES (2, 3);
INSERT INTO treino_exercicio (idtreino, idexercicio) VALUES (2, 4);
INSERT INTO treino_exercicio (idtreino, idexercicio) VALUES (3, 5);
INSERT INTO treino_exercicio (idtreino, idexercicio) VALUES (3, 1);